name,datetime,temp,feelslike,dew,humidity,precip,precipprob,preciptype,snow,snowdepth,windgust,windspeed,winddir,sealevelpressure,cloudcover,visibility,solarradiation,solarenergy,uvindex,severerisk,conditions,icon,stations
"Würzburg, Bayern, Deutschland",2024-07-11T00:00:00,20,20,19,93.97,2,100,rain,0,0,7.2,5.4,170,1018,88,10,0,0,0,3,"Rain, Partially cloudy",rain,"ETIK,C0060"
"Würzburg, Bayern, Deutschland",2024-07-11T01:00:00,20,20,18,88.27,0.4,100,rain,0,0,14.8,0,0,1018.3,88,10,0,0,0,3,"Rain, Partially cloudy",rain,"ETIK,C0060"
"Würzburg, Bayern, Deutschland",2024-07-11T02:00:00,19,19,18,93.93,0.4,100,rain,0,0,6.8,0,0,1018,100,10,0,0,0,10,"Rain, Overcast",rain,"ETIK,C0060"
"Würzburg, Bayern, Deutschland",2024-07-11T03:00:00,19,19,18,93.93,0,0,,0,0,6.5,0,0,1018,88,9,0,0,0,10,Partially cloudy,partly-cloudy-night,"ETIK,C0060"
"Würzburg, Bayern, Deutschland",2024-07-11T04:00:00,17,17,17,100,0,0,,0,0,7.9,0,0,1018,25,3,0,0,0,10,Partially cloudy,partly-cloudy-night,"ETIK,C0060"
"Würzburg, Bayern, Deutschland",2024-07-11T05:00:00,17,17,17,100,0,0,,0,0,7.9,0,0,1017.6,25,1,0,0,0,10,Partially cloudy,partly-cloudy-night,"ETIK,C0060"
"Würzburg, Bayern, Deutschland",2024-07-11T06:00:00,19,19,19,100,0,0,rain,0,0,6.5,0,0,1018,100,0,11,0,0,10,Overcast,cloudy,"ETIK,C0060"
"Würzburg, Bayern, Deutschland",2024-07-11T07:00:00,18,18,18,100,0,0,,0,0,6.8,0,360,1018,100,4,40,0.1,0,10,Overcast,cloudy,"ETIK,C0060"
"Würzburg, Bayern, Deutschland",2024-07-11T08:00:00,19,19,18,93.93,0,0,,0,0,8.3,0,0,1018.3,100,9,42,0.2,0,10,Overcast,cloudy,"ETIK,C0060"
"Würzburg, Bayern, Deutschland",2024-07-11T09:00:00,20,20,19,93.97,0.1,100,rain,0,0,16.9,5.4,210,1018.3,100,10,218,0.8,2,10,"Rain, Overcast",rain,"ETIK,C0060"
"Würzburg, Bayern, Deutschland",2024-07-11T10:00:00,22,22,18,78.06,0.6,100,rain,0,0,23,5.4,240,1018,50,10,246,0.9,2,10,"Rain, Partially cloudy",rain,"ETIK,C0060"
"Würzburg, Bayern, Deutschland",2024-07-11T11:00:00,23,23,18,73.45,0.1,100,rain,0,0,24.1,7.6,280,1018,88,10,264,1,3,10,"Rain, Partially cloudy",rain,"ETIK,C0060"
"Würzburg, Bayern, Deutschland",2024-07-11T12:00:00,24,24,18,69.15,0.1,100,rain,0,0,24.5,9.4,250,1018,50,10,575,2.1,6,10,"Rain, Partially cloudy",rain,"ETIK,C0060"
"Würzburg, Bayern, Deutschland",2024-07-11T13:00:00,25,25,17,61.15,0,0,,0,0,27,11.2,290,1018,88,10,160,0.6,2,10,Partially cloudy,partly-cloudy-day,"ETIK,C0060"
"Würzburg, Bayern, Deutschland",2024-07-11T14:00:00,26,26,17,57.62,0,0,,0,0,27.4,11.2,280,1017.6,50,10,287,1,3,10,Partially cloudy,partly-cloudy-day,"ETIK,C0060"
"Würzburg, Bayern, Deutschland",2024-07-11T15:00:00,27,27.2,15,47.81,0,0,,0,0,26.6,13,230,1017.3,50,10,394,1.4,4,10,Partially cloudy,partly-cloudy-day,"ETIK,C0060"
"Würzburg, Bayern, Deutschland",2024-07-11T16:00:00,28,28,15,45.09,0.1,100,rain,0,0,23.4,11.2,310,1016.9,0,10,814,2.9,8,10,Rain,rain,"ETIK,C0060"
"Würzburg, Bayern, Deutschland",2024-07-11T17:00:00,24.4,24.4,16.8,62.58,0,48.4,rain,0,0,22,5.8,288.1,1017,81.5,24.1,647,2.3,6,10,"Rain, Partially cloudy",rain,
"Würzburg, Bayern, Deutschland",2024-07-11T18:00:00,23.6,23.6,17.2,67.35,0,48.4,rain,0,0,23.8,7.2,289.5,1017,71.2,24.1,505,1.8,5,10,"Rain, Partially cloudy",rain,
"Würzburg, Bayern, Deutschland",2024-07-11T19:00:00,23.3,23.3,17.4,69.46,0,48.4,rain,0,0,23,4,295.4,1016,41.3,21.6,352,1.3,4,30,"Rain, Partially cloudy",rain,
"Würzburg, Bayern, Deutschland",2024-07-11T20:00:00,23,23,17.6,71.63,0,48.4,rain,0,0,10.1,0.7,252.1,1016,18.1,24.1,180,0.6,2,10,Rain,rain,
"Würzburg, Bayern, Deutschland",2024-07-11T21:00:00,21.9,21.9,17.9,78.04,0,3.2,,0,0,4,2.2,140.8,1016,0.3,24.1,56,0.2,1,10,Clear,clear-day,
"Würzburg, Bayern, Deutschland",2024-07-11T22:00:00,20.3,20.3,17.3,82.9,0,3.2,,0,0,5,2.2,130.2,1017,29.5,24.1,0,0,0,10,Partially cloudy,partly-cloudy-night,
"Würzburg, Bayern, Deutschland",2024-07-11T23:00:00,19.4,19.4,17,86.01,0,3.2,,0,0,3.6,2.5,109.5,1017,28.3,24.1,0,0,0,10,Partially cloudy,partly-cloudy-night,
"Würzburg, Bayern, Deutschland",2024-07-12T00:00:00,18.5,18.5,16.9,90.41,0,3.2,,0,0,3.6,2.5,93.2,1016,75.5,24.1,0,0,0,3,Partially cloudy,partly-cloudy-night,
"Würzburg, Bayern, Deutschland",2024-07-12T01:00:00,17.9,17.9,16.9,93.88,0,3.2,,0,0,4,2.2,90.2,1016,74.9,24.1,0,0,0,3,Partially cloudy,partly-cloudy-night,
"Würzburg, Bayern, Deutschland",2024-07-12T02:00:00,17.5,17.5,16.8,95.67,0,3.2,,0,0,4.3,2.9,62.9,1015,100,24.1,0,0,0,3,Overcast,cloudy,
"Würzburg, Bayern, Deutschland",2024-07-12T03:00:00,17,17,16.5,96.88,0,64.5,rain,0,0,5.8,3.2,92.9,1014,92.1,24.1,0,0,0,10,"Rain, Overcast",rain,
"Würzburg, Bayern, Deutschland",2024-07-12T04:00:00,16.7,16.7,16.2,96.87,0,64.5,rain,0,0,6.1,3.2,78.9,1014,100,24.1,0,0,0,5,"Rain, Overcast",rain,
"Würzburg, Bayern, Deutschland",2024-07-12T05:00:00,16.8,16.8,16.1,95.64,0,64.5,rain,0,0,7.9,4.3,78.7,1013,100,10.3,0,0,0,10,"Rain, Overcast",rain,
"Würzburg, Bayern, Deutschland",2024-07-12T06:00:00,17.1,17.1,16.1,93.84,0,64.5,rain,0,0,7.9,3.6,108.2,1013,100,5.5,3,0,0,10,"Rain, Overcast",rain,
"Würzburg, Bayern, Deutschland",2024-07-12T07:00:00,18,18,16.8,92.7,0.6,64.5,rain,0,0,10.4,5.4,94.8,1012,100,21.8,27,0.1,0,3,"Rain, Overcast",rain,
"Würzburg, Bayern, Deutschland",2024-07-12T08:00:00,18.5,18.5,17.3,92.73,1.4,64.5,rain,0,0,11.2,4.3,128,1012,100,24.1,75,0.3,1,5,"Rain, Overcast",rain,
"Würzburg, Bayern, Deutschland",2024-07-12T09:00:00,19.3,19.3,18,92.19,0.3,96.8,rain,0,0,15.8,5,145.7,1012,100,24.1,157,0.6,2,3,"Rain, Overcast",rain,
"Würzburg, Bayern, Deutschland",2024-07-12T10:00:00,20.8,20.8,18.9,88.89,0.5,96.8,rain,0,0,23.8,6.8,168.4,1011,100,24.1,182,0.7,2,10,"Rain, Overcast",rain,
"Würzburg, Bayern, Deutschland",2024-07-12T11:00:00,21.8,21.8,18.9,83.6,0,96.8,rain,0,0,21.6,9,217.8,1011,100,24.1,217,0.8,2,10,"Rain, Overcast",rain,
"Würzburg, Bayern, Deutschland",2024-07-12T12:00:00,21.7,21.7,18.9,84.11,0.1,96.8,rain,0,0,30.2,8.6,224.2,1011,100,24.1,354,1.3,4,10,"Rain, Overcast",rain,
"Würzburg, Bayern, Deutschland",2024-07-12T13:00:00,21.7,21.7,19.3,86.24,0.8,96.8,rain,0,0,28.4,7.2,231.8,1011,100,17.9,467,1.7,5,30,"Rain, Overcast",rain,
"Würzburg, Bayern, Deutschland",2024-07-12T14:00:00,22.3,22.3,19.4,83.66,0.3,96.8,rain,0,0,26.3,6.8,234.3,1010,100,6.7,762,2.7,8,30,"Rain, Overcast",rain,
"Würzburg, Bayern, Deutschland",2024-07-12T15:00:00,22.5,22.5,19.4,82.64,0.2,87.1,rain,0,0,26.6,5.4,231.5,1010,100,24.1,716,2.6,7,30,"Rain, Overcast",rain,
"Würzburg, Bayern, Deutschland",2024-07-12T16:00:00,22.6,22.6,19.6,83.17,0.1,87.1,rain,0,0,28.8,5.8,189.8,1009,100,16.3,517,1.9,5,30,"Rain, Overcast",rain,
"Würzburg, Bayern, Deutschland",2024-07-12T17:00:00,21.8,21.8,19.5,86.78,1.1,87.1,rain,0,0,31,8.6,192.6,1009,100,22.4,476,1.7,5,30,"Rain, Overcast",rain,
"Würzburg, Bayern, Deutschland",2024-07-12T18:00:00,21.4,21.4,19.3,87.83,0.8,87.1,rain,0,0,31,8.3,209.8,1009,100,24.1,180,0.6,2,10,"Rain, Overcast",rain,
"Würzburg, Bayern, Deutschland",2024-07-12T19:00:00,21.2,21.2,18.9,86.73,0.2,87.1,rain,0,0,31.3,7.9,219.2,1009,100,24.1,140,0.5,1,10,"Rain, Overcast",rain,
"Würzburg, Bayern, Deutschland",2024-07-12T20:00:00,20.7,20.7,18.8,88.88,0,87.1,rain,0,0,18.7,6.1,217.7,1009,100,24.1,124,0.4,1,10,"Rain, Overcast",rain,
"Würzburg, Bayern, Deutschland",2024-07-12T21:00:00,19.9,19.9,18.2,89.94,0.2,74.2,rain,0,0,21.6,5.8,235.9,1009,100,24.1,47,0.2,0,10,"Rain, Overcast",rain,
"Würzburg, Bayern, Deutschland",2024-07-12T22:00:00,19,19,17.9,93.34,0,74.2,rain,0,0,13,5,211,1009,100,24.1,0,0,0,10,"Rain, Overcast",rain,
"Würzburg, Bayern, Deutschland",2024-07-12T23:00:00,18.6,18.6,17.7,94.5,0,74.2,rain,0,0,14.8,6.5,219.4,1009,100,24.1,0,0,0,10,"Rain, Overcast",rain,
"Würzburg, Bayern, Deutschland",2024-07-13T00:00:00,18.4,18.4,17.2,92.72,0,74.2,rain,0,0,22,9.4,232.4,1009,100,24.1,0,0,0,10,"Rain, Overcast",rain,
"Würzburg, Bayern, Deutschland",2024-07-13T01:00:00,17.8,17.8,16.6,92.69,0,74.2,rain,0,0,24.1,8.6,237.8,1009,100,24.1,0,0,0,10,"Rain, Overcast",rain,
"Würzburg, Bayern, Deutschland",2024-07-13T02:00:00,17.4,17.4,15.8,90.33,0,74.2,rain,0,0,27.4,11.5,239.8,1010,100,24.1,0,0,0,10,"Rain, Overcast",rain,
"Würzburg, Bayern, Deutschland",2024-07-13T03:00:00,16.9,16.9,14.7,86.87,0.1,51.6,rain,0,0,29.9,13,238.6,1010,100,24.1,0,0,0,10,"Rain, Overcast",rain,
"Würzburg, Bayern, Deutschland",2024-07-13T04:00:00,15.8,15.8,12.8,82.35,0,51.6,rain,0,0,32,14,237,1010,100,24.1,0,0,0,10,"Rain, Overcast",rain,
"Würzburg, Bayern, Deutschland",2024-07-13T05:00:00,14.7,14.7,12.4,86.1,0,51.6,rain,0,0,31.7,13.7,226.5,1010,96.3,24.1,0,0,0,10,"Rain, Overcast",rain,
"Würzburg, Bayern, Deutschland",2024-07-13T06:00:00,14.2,14.2,12.2,87.76,0,51.6,rain,0,0,32.4,12.6,232.7,1011,56.9,24.1,3,0,0,10,"Rain, Partially cloudy",rain,
"Würzburg, Bayern, Deutschland",2024-07-13T07:00:00,14.6,14.6,12.3,86.09,0,51.6,rain,0,0,29.9,13,237.9,1011,75.8,24.1,28,0.1,0,10,"Rain, Partially cloudy",rain,
"Würzburg, Bayern, Deutschland",2024-07-13T08:00:00,15,15,12.3,83.9,0,51.6,rain,0,0,33.5,14.4,243.4,1012,87.6,24.1,49,0.2,0,10,"Rain, Partially cloudy",rain,
"Würzburg, Bayern, Deutschland",2024-07-13T09:00:00,15.5,15.5,12.2,80.71,0,32.3,,0,0,33.5,13.7,260.3,1012,66.3,24.1,258,0.9,3,10,Partially cloudy,partly-cloudy-day,
"Würzburg, Bayern, Deutschland",2024-07-13T10:00:00,16.1,16.1,11.9,76.15,0,32.3,,0,0,36,15.1,265.7,1013,82.8,24.1,401,1.4,4,10,Partially cloudy,partly-cloudy-day,
"Würzburg, Bayern, Deutschland",2024-07-13T11:00:00,17.3,17.3,11.3,67.82,0,32.3,,0,0,36,14.4,261.8,1013,53.1,24.1,390,1.4,4,10,Partially cloudy,partly-cloudy-day,
"Würzburg, Bayern, Deutschland",2024-07-13T12:00:00,18.1,18.1,10.4,60.74,0,32.3,,0,0,36,15.1,249.4,1013,76.2,24.1,569,2,6,10,Partially cloudy,partly-cloudy-day,
"Würzburg, Bayern, Deutschland",2024-07-13T13:00:00,19,19,10.2,56.65,0,32.3,,0,0,36.4,15.1,254,1013,69.5,24.1,854,3.1,9,10,Partially cloudy,partly-cloudy-day,
"Würzburg, Bayern, Deutschland",2024-07-13T14:00:00,20,20,9.9,52.18,0,32.3,,0,0,36.7,14,254.4,1012,80.8,24.1,851,3.1,9,10,Partially cloudy,partly-cloudy-day,
"Würzburg, Bayern, Deutschland",2024-07-13T15:00:00,20.5,20.5,9.4,48.92,0,19.4,,0,0,36,14.4,252,1012,75.1,24.1,632,2.3,6,10,Partially cloudy,partly-cloudy-day,
"Würzburg, Bayern, Deutschland",2024-07-13T16:00:00,21,21,10.1,49.72,0,19.4,,0,0,34.9,11.9,253.8,1012,48.2,24.1,492,1.8,5,10,Partially cloudy,partly-cloudy-day,
"Würzburg, Bayern, Deutschland",2024-07-13T17:00:00,20.7,20.7,9.3,48,0,19.4,,0,0,29.5,11.9,248.5,1012,89.5,24.1,306,1.1,3,10,Partially cloudy,partly-cloudy-day,
"Würzburg, Bayern, Deutschland",2024-07-13T18:00:00,20.5,20.5,9.7,49.92,0,19.4,,0,0,29.2,11.5,254.7,1012,56.3,24.1,375,1.3,4,10,Partially cloudy,partly-cloudy-day,
"Würzburg, Bayern, Deutschland",2024-07-13T19:00:00,20.2,20.2,10.4,53.29,0,19.4,rain,0,0,27.4,8.6,256.7,1012,17.5,24.1,345,1.2,3,10,Clear,clear-day,
"Würzburg, Bayern, Deutschland",2024-07-13T20:00:00,19.4,19.4,10.9,57.89,0,19.4,,0,0,20.9,5.8,266.1,1012,23.1,24.1,178,0.6,2,10,Partially cloudy,partly-cloudy-day,
"Würzburg, Bayern, Deutschland",2024-07-13T21:00:00,17.9,17.9,11.9,67.94,0,0,,0,0,13,2.9,263.6,1012,42.3,24.1,52,0.2,1,10,Partially cloudy,partly-cloudy-day,
"Würzburg, Bayern, Deutschland",2024-07-13T22:00:00,16.5,16.5,11.5,72.3,0,0,,0,0,6.8,4,210.9,1013,66,24.1,0,0,0,10,Partially cloudy,partly-cloudy-night,
"Würzburg, Bayern, Deutschland",2024-07-13T23:00:00,15.4,15.4,11.2,76.04,0,0,,0,0,7.9,4.3,196.4,1013,40.4,24.1,0,0,0,10,Partially cloudy,partly-cloudy-night,
"Würzburg, Bayern, Deutschland",2024-07-14T00:00:00,14.4,14.4,10.7,78.45,0,0,,0,0,9.4,4.7,202.1,1013,7.8,24.1,0,0,0,10,Clear,clear-night,
"Würzburg, Bayern, Deutschland",2024-07-14T01:00:00,13.6,13.6,10.5,81.53,0,0,,0,0,10.1,5,209.5,1014,0.8,24.1,0,0,0,10,Clear,clear-night,
"Würzburg, Bayern, Deutschland",2024-07-14T02:00:00,13.1,13.1,10.4,83.67,0,0,,0,0,10.1,4.7,212.6,1014,0.8,24.1,0,0,0,10,Clear,clear-night,
"Würzburg, Bayern, Deutschland",2024-07-14T03:00:00,12.5,12.5,10.1,85.3,0,0,,0,0,8.6,4,223.8,1014,37.6,24.1,0,0,0,10,Partially cloudy,partly-cloudy-night,
"Würzburg, Bayern, Deutschland",2024-07-14T04:00:00,12,12,9.9,86.98,0,0,,0,0,7.2,4,205.9,1014,43.9,24.1,0,0,0,10,Partially cloudy,partly-cloudy-night,
"Würzburg, Bayern, Deutschland",2024-07-14T05:00:00,11.6,11.6,9.8,88.71,0,0,,0,0,6.8,3.6,197.2,1014,76.9,24.1,0,0,0,10,Partially cloudy,partly-cloudy-night,
"Würzburg, Bayern, Deutschland",2024-07-14T06:00:00,11.2,11.2,9.6,89.88,0,0,,0,0,6.1,2.9,192.5,1014,0,24.1,4,0,0,10,Clear,clear-day,
"Würzburg, Bayern, Deutschland",2024-07-14T07:00:00,12.1,12.1,10.4,89.35,0,0,,0,0,6.5,3.2,194.2,1015,0,24.1,75,0.3,1,10,Clear,clear-day,
"Würzburg, Bayern, Deutschland",2024-07-14T08:00:00,15.3,15.3,11.9,80.15,0,0,,0,0,7.2,2.2,184.5,1015,0,24.1,212,0.8,2,10,Clear,clear-day,
"Würzburg, Bayern, Deutschland",2024-07-14T09:00:00,17.3,17.3,11.7,69.64,0,0,,0,0,14,5,205.9,1015,0,24.1,372,1.3,4,10,Clear,clear-day,
"Würzburg, Bayern, Deutschland",2024-07-14T10:00:00,18.7,18.7,11.5,62.93,0,0,,0,0,18,6.8,223.3,1015,4.3,24.1,533,1.9,5,10,Clear,clear-day,
"Würzburg, Bayern, Deutschland",2024-07-14T11:00:00,19.9,19.9,11.3,57.63,0,0,,0,0,24.5,9.4,231.5,1015,57.8,24.1,680,2.4,7,10,Partially cloudy,partly-cloudy-day,
"Würzburg, Bayern, Deutschland",2024-07-14T12:00:00,20.7,20.7,10.5,52.01,0,0,rain,0,0,27.4,11.2,234.8,1015,76,24.1,788,2.8,8,10,Partially cloudy,partly-cloudy-day,
"Würzburg, Bayern, Deutschland",2024-07-14T13:00:00,21.7,21.7,10.4,48.59,0,0,,0,0,29.2,11.5,238.5,1015,83.2,24.1,846,3,8,10,Partially cloudy,partly-cloudy-day,
"Würzburg, Bayern, Deutschland",2024-07-14T14:00:00,22.2,22.2,9.8,45.28,0,0,,0,0,29.9,11.2,243,1015,98.3,24.1,860,3.1,9,10,Overcast,cloudy,
"Würzburg, Bayern, Deutschland",2024-07-14T15:00:00,22.3,22.3,9.7,44.52,0,6.5,,0,0,29.3,10.8,235,1015,98.9,24.1,718,2.6,7,10,Overcast,cloudy,
"Würzburg, Bayern, Deutschland",2024-07-14T16:00:00,22.5,22.5,9.6,43.78,0,6.5,,0,0,28.7,10.4,227.1,1015,99.4,24.1,523,1.9,5,10,Overcast,cloudy,
"Würzburg, Bayern, Deutschland",2024-07-14T17:00:00,22.7,22.7,9.5,43.05,0,6.5,,0,0,28.1,10.1,219.1,1015,100,24.1,310,1.1,3,10,Overcast,cloudy,
"Würzburg, Bayern, Deutschland",2024-07-14T18:00:00,22.1,22.1,10.6,47.86,0,6.5,,0,0,23.3,7.7,217.1,1015,66.7,24.1,384,1.4,4,10,Partially cloudy,partly-cloudy-day,
"Würzburg, Bayern, Deutschland",2024-07-14T19:00:00,21.6,21.6,11.7,53.19,0,6.5,,0,0,18.5,5.3,215.2,1015,33.3,24.1,274,1,3,10,Partially cloudy,partly-cloudy-day,
"Würzburg, Bayern, Deutschland",2024-07-14T20:00:00,21.1,21.1,12.8,59.08,0,6.5,,0,0,13.7,2.9,213.2,1015,0,24.1,144,0.5,1,10,Clear,clear-day,
"Würzburg, Bayern, Deutschland",2024-07-14T21:00:00,19.4,19.4,12.5,64.49,0,3.2,,0,0,10.6,2.8,202.1,1015.3,0,24.1,5,0,0,10,Clear,clear-day,
"Würzburg, Bayern, Deutschland",2024-07-14T22:00:00,17.7,17.7,12.3,70.5,0,3.2,,0,0,7.4,2.6,191,1015.7,0,24.1,0,0,0,10,Clear,clear-night,
"Würzburg, Bayern, Deutschland",2024-07-14T23:00:00,16.1,16.1,12.1,77.16,0,3.2,,0,0,4.3,2.5,179.9,1016,0,24.1,0,0,0,10,Clear,clear-night,
"Würzburg, Bayern, Deutschland",2024-07-15T00:00:00,15.4,15.4,11.5,77.24,0,3.2,,0,0,4.2,2.5,160.2,1016,1,24.1,0,0,0,10,Clear,clear-night,
"Würzburg, Bayern, Deutschland",2024-07-15T01:00:00,14.9,14.9,10.9,77.32,0,3.2,,0,0,4.1,2.5,140.5,1016,1.9,24.1,0,0,0,10,Clear,clear-night,
"Würzburg, Bayern, Deutschland",2024-07-15T02:00:00,14.3,14.3,10.4,77.4,0,3.2,,0,0,4,2.5,120.8,1016,2.9,24.1,0,0,0,10,Clear,clear-night,
"Würzburg, Bayern, Deutschland",2024-07-15T03:00:00,13.7,13.7,10.5,81.01,0,0,,0,0,4,2.6,109.5,1016,23.7,24.1,0,0,0,10,Partially cloudy,partly-cloudy-night,
"Würzburg, Bayern, Deutschland",2024-07-15T04:00:00,13.1,13.1,10.6,84.81,0,0,,0,0,4,2.8,98.2,1016,44.4,24.1,0,0,0,10,Partially cloudy,partly-cloudy-night,
"Würzburg, Bayern, Deutschland",2024-07-15T05:00:00,12.6,12.6,10.8,88.79,0,0,,0,0,4,2.9,86.9,1016,65.2,24.1,0,0,0,10,Partially cloudy,partly-cloudy-night,
"Würzburg, Bayern, Deutschland",2024-07-15T06:00:00,13.8,13.8,11.6,86.58,0,0,,0,0,5.4,3,85.7,1015.7,70.1,24.1,4,0,0,10,Partially cloudy,partly-cloudy-day,
"Würzburg, Bayern, Deutschland",2024-07-15T07:00:00,15,15,12.4,84.46,0,0,,0,0,6.8,3.1,84.5,1015.3,74.9,24.1,68,0.2,1,10,Partially cloudy,partly-cloudy-day,
"Würzburg, Bayern, Deutschland",2024-07-15T08:00:00,16.3,16.3,13.3,82.42,0,0,,0,0,8.3,3.2,83.3,1015,79.8,24.1,219,0.8,2,10,Partially cloudy,partly-cloudy-day,
"Würzburg, Bayern, Deutschland",2024-07-15T09:00:00,18.4,18.4,14.2,76.53,0,6.5,,0,0,15.1,6,91.3,1014.3,83.3,24.1,380,1.4,4,10,Partially cloudy,partly-cloudy-day,
"Würzburg, Bayern, Deutschland",2024-07-15T10:00:00,20.6,20.6,15.2,71.19,0,6.5,,0,0,22,8.8,99.3,1013.7,86.9,24.1,512,1.8,5,10,Partially cloudy,partly-cloudy-day,
"Würzburg, Bayern, Deutschland",2024-07-15T11:00:00,22.8,22.8,16.2,66.34,0,6.5,,0,0,28.8,11.5,107.3,1013,90.4,24.1,607,2.2,6,10,Overcast,cloudy,
"Würzburg, Bayern, Deutschland",2024-07-15T12:00:00,23.4,23.4,16.3,64.53,0,6.5,,0,0,29.2,11,118.9,1012.7,93.6,24.1,658,2.4,7,3,Overcast,cloudy,
"Würzburg, Bayern, Deutschland",2024-07-15T13:00:00,24,24,16.5,62.78,0,6.5,,0,0,29.5,10.6,130.6,1012.3,96.8,24.1,520,1.9,5,10,Overcast,cloudy,
"Würzburg, Bayern, Deutschland",2024-07-15T14:00:00,24.7,24.7,16.7,61.08,0,6.5,,0,0,29.9,10.1,142.2,1012,100,24.1,541,1.9,5,10,Overcast,cloudy,
"Würzburg, Bayern, Deutschland",2024-07-15T15:00:00,25,25,17,61.16,0,19.4,,0,0,26.8,8.9,152.7,1011.7,100,24.1,565,2,6,10,Overcast,cloudy,
"Würzburg, Bayern, Deutschland",2024-07-15T16:00:00,25.3,25.3,17.3,61.23,0,19.4,,0,0,23.6,7.7,163.2,1011.3,100,24.1,692,2.5,7,10,Overcast,cloudy,
"Würzburg, Bayern, Deutschland",2024-07-15T17:00:00,25.7,25.7,17.7,61.31,0,19.4,,0,0,20.5,6.5,173.7,1011,100,24.1,610,2.2,6,10,Overcast,cloudy,
"Würzburg, Bayern, Deutschland",2024-07-15T18:00:00,23.9,23.9,16.9,64.9,0,19.4,,0,0,27.5,7,209.8,1012,99.6,24.1,454,1.6,5,30,Overcast,cloudy,
"Würzburg, Bayern, Deutschland",2024-07-15T19:00:00,22.1,22.1,16.1,68.78,0,19.4,,0,0,34.4,7.4,245.9,1013,99.3,24.1,325,1.2,3,60,Overcast,cloudy,
"Würzburg, Bayern, Deutschland",2024-07-15T20:00:00,20.3,20.3,15.3,72.98,0.1,19.4,rain,0,0,41.4,7.9,282,1014,98.9,24.1,138,0.5,1,30,Overcast,cloudy,
"Würzburg, Bayern, Deutschland",2024-07-15T21:00:00,19.3,19.3,15.6,79.16,0,58.1,rain,0,0,32.3,7,263.9,1014.7,81.2,24.1,58,0.2,1,30,"Rain, Partially cloudy",rain,
"Würzburg, Bayern, Deutschland",2024-07-15T22:00:00,18.3,18.3,15.9,85.9,0,58.1,rain,0,0,23.2,6,245.8,1015.3,63.4,24.1,0,0,0,30,"Rain, Partially cloudy",rain,
"Würzburg, Bayern, Deutschland",2024-07-15T23:00:00,17.3,17.3,16.2,93.25,0.8,58.1,rain,0,0,14,5,227.7,1016,45.7,4.7,0,0,0,10,"Rain, Partially cloudy",rain,
"Würzburg, Bayern, Deutschland",2024-07-16T00:00:00,16.9,16.9,16,94.43,0,58.1,rain,0,0,12.6,4.6,219.2,1016.3,63.8,24.1,0,0,0,10,"Rain, Partially cloudy",rain,
"Würzburg, Bayern, Deutschland",2024-07-16T01:00:00,16.4,16.4,15.8,95.63,0,58.1,rain,0,0,11.2,4.1,210.6,1016.7,81.9,24.1,0,0,0,10,"Rain, Partially cloudy",rain,
"Würzburg, Bayern, Deutschland",2024-07-16T02:00:00,16.1,16.1,15.6,96.85,0,58.1,rain,0,0,9.7,3.6,202.1,1017,100,24.1,0,0,0,10,"Rain, Overcast",rain,
"Würzburg, Bayern, Deutschland",2024-07-16T03:00:00,15.9,15.9,15.4,97.06,0,32.3,,0,0,8.6,3.4,200.7,1017,87.8,24.1,0,0,0,10,Partially cloudy,partly-cloudy-night,
"Würzburg, Bayern, Deutschland",2024-07-16T04:00:00,15.7,15.7,15.2,97.26,0,32.3,,0,0,7.6,3.1,199.2,1017,75.7,24.1,0,0,0,10,Partially cloudy,partly-cloudy-night,
"Würzburg, Bayern, Deutschland",2024-07-16T05:00:00,15.5,15.5,15.1,97.46,0,32.3,,0,0,6.5,2.9,197.8,1017,63.5,24.1,0,0,0,10,Partially cloudy,partly-cloudy-night,
"Würzburg, Bayern, Deutschland",2024-07-16T06:00:00,16.3,16.3,15,92.01,0,32.3,,0,0,38.5,19.4,247.1,1015,97.3,24.1,3,0,0,10,Overcast,cloudy,
"Würzburg, Bayern, Deutschland",2024-07-16T07:00:00,16.5,16.5,15.1,91.43,0,32.3,,0,0,36.4,19.4,246.7,1016,51.6,24.1,22,0.1,0,10,Partially cloudy,partly-cloudy-day,
"Würzburg, Bayern, Deutschland",2024-07-16T08:00:00,16.7,16.7,15,89.7,0.1,32.3,rain,0,0,31.7,19.8,251.9,1017,22.4,24.1,181,0.7,2,10,Partially cloudy,partly-cloudy-day,
"Würzburg, Bayern, Deutschland",2024-07-16T09:00:00,16.6,16.6,14.3,86.29,0,29,,0,0,29.3,19.3,256.1,1017.3,47.9,24.1,229.7,0.9,2,10,Partially cloudy,partly-cloudy-day,
"Würzburg, Bayern, Deutschland",2024-07-16T10:00:00,16.6,16.6,13.7,83,0,29,,0,0,26.9,18.8,260.2,1017.7,73.3,24.1,278.3,1,3,10,Partially cloudy,partly-cloudy-day,
"Würzburg, Bayern, Deutschland",2024-07-16T11:00:00,16.6,16.6,13.1,79.81,0,29,,0,0,24.5,18.4,264.4,1018,98.8,24.1,327,1.2,3,10,Overcast,cloudy,
"Würzburg, Bayern, Deutschland",2024-07-16T12:00:00,18.2,18.2,13.3,73.09,0,29,,0,0,22.8,16.3,256.8,1017.7,98.7,24.1,418.3,1.5,4,10,Overcast,cloudy,
"Würzburg, Bayern, Deutschland",2024-07-16T13:00:00,19.8,19.8,13.5,67.02,0,29,,0,0,21.1,14.3,249.1,1017.3,98.7,24.1,509.7,1.9,5,10,Overcast,cloudy,
"Würzburg, Bayern, Deutschland",2024-07-16T14:00:00,21.5,21.5,13.8,61.53,0,29,rain,0,0,19.4,12.2,241.5,1017,98.6,24.1,601,2.2,6,10,Overcast,cloudy,
"Würzburg, Bayern, Deutschland",2024-07-16T15:00:00,21.4,21.4,14.2,63.28,0,6.5,,0,0,19.2,13.1,247.4,1017.3,65.7,24.1,510,1.9,5,10,Partially cloudy,partly-cloudy-day,
"Würzburg, Bayern, Deutschland",2024-07-16T16:00:00,21.4,21.4,14.6,65.07,0,6.5,,0,0,19,13.9,253.4,1017.7,32.9,24.1,419,1.5,4,10,Partially cloudy,partly-cloudy-day,
"Würzburg, Bayern, Deutschland",2024-07-16T17:00:00,21.4,21.4,15,66.9,0.3,6.5,rain,0,0,18.7,14.8,259.3,1018,0,24.1,328,1.2,3,10,Clear,clear-day,
"Würzburg, Bayern, Deutschland",2024-07-16T18:00:00,20.8,20.8,15.2,70.17,0,6.5,,0,0,18.1,13.4,241.9,1017.7,0.9,24.1,337,1.2,3,10,Clear,clear-day,
"Würzburg, Bayern, Deutschland",2024-07-16T19:00:00,20.2,20.2,15.4,73.6,0,6.5,,0,0,17.5,12.1,224.5,1017.3,1.9,24.1,346,1.3,3,10,Clear,clear-day,
"Würzburg, Bayern, Deutschland",2024-07-16T20:00:00,19.7,19.7,15.6,77.22,0,6.5,,0,0,16.9,10.8,207.1,1017,2.8,24.1,355,1.3,4,10,Clear,clear-day,
"Würzburg, Bayern, Deutschland",2024-07-16T21:00:00,18.2,18.2,14.8,80.56,0,6.5,,0,0,14.3,10.3,213.9,1017.7,11.8,23.8,236.7,0.9,2,10,Clear,clear-day,
"Würzburg, Bayern, Deutschland",2024-07-16T22:00:00,16.8,16.8,14.1,84.1,0,6.5,,0,0,11.6,9.8,220.7,1018.3,20.9,23.5,118.3,0.4,0,10,Partially cloudy,partly-cloudy-night,
"Würzburg, Bayern, Deutschland",2024-07-16T23:00:00,15.4,15.4,13.4,87.87,0.2,6.5,rain,0,0,9,9.4,227.5,1019,29.9,23.2,0,0,0,10,Partially cloudy,partly-cloudy-night,
"Würzburg, Bayern, Deutschland",2024-07-17T00:00:00,14.9,14.9,13.2,89.37,0,6.5,,0,0,15.1,9.7,227.8,1019.3,19.9,23.5,0,0,0,10,Clear,clear-night,
"Würzburg, Bayern, Deutschland",2024-07-17T01:00:00,14.4,14.4,12.9,90.91,0,6.5,,0,0,21.2,10.1,228.1,1019.7,10,23.8,0,0,0,10,Clear,clear-night,
"Würzburg, Bayern, Deutschland",2024-07-17T02:00:00,14,14,12.8,92.48,0,6.5,,0,0,27.4,10.4,228.4,1020,0,24.1,0,0,0,10,Clear,clear-night,
"Würzburg, Bayern, Deutschland",2024-07-17T03:00:00,13.6,13.6,12.4,93.06,0,3.2,,0,0,24.6,10.2,227.1,1020.3,0,24.1,0,0,0,10,Clear,clear-night,
"Würzburg, Bayern, Deutschland",2024-07-17T04:00:00,13.2,13.2,12.2,93.66,0,3.2,,0,0,21.8,10,225.8,1020.7,0,24.1,0,0,0,10,Clear,clear-night,
"Würzburg, Bayern, Deutschland",2024-07-17T05:00:00,12.8,12.8,11.9,94.26,0,3.2,,0,0,19.1,9.7,224.5,1021,0,24.1,0,0,0,10,Clear,clear-night,
"Würzburg, Bayern, Deutschland",2024-07-17T06:00:00,13.7,13.7,12.4,91.86,0,3.2,,0,0,21.5,10.9,232.2,1021.3,17.9,24.1,32.3,0.2,0,10,Clear,clear-day,
"Würzburg, Bayern, Deutschland",2024-07-17T07:00:00,14.6,14.6,12.9,89.54,0,3.2,,0,0,23.9,12.1,240,1021.7,35.8,24.1,64.7,0.3,1,10,Partially cloudy,partly-cloudy-day,
"Würzburg, Bayern, Deutschland",2024-07-17T08:00:00,15.5,15.5,13.4,87.31,0,3.2,,0,0,26.3,13.3,247.7,1022,53.7,24.1,97,0.3,1,10,Partially cloudy,partly-cloudy-day,
"Würzburg, Bayern, Deutschland",2024-07-17T09:00:00,16.8,16.8,13.1,78.8,0,22.6,,0,0,23.9,13.6,250.6,1022,47.9,24.1,240,0.8,2,10,Partially cloudy,partly-cloudy-day,
"Würzburg, Bayern, Deutschland",2024-07-17T10:00:00,18.1,18.1,12.8,71.18,0,22.6,,0,0,21.5,13.8,253.6,1022,42.2,24.1,383,1.4,4,10,Partially cloudy,partly-cloudy-day,
"Würzburg, Bayern, Deutschland",2024-07-17T11:00:00,19.4,19.4,12.5,64.35,0,22.6,,0,0,19.1,14,256.5,1022,36.4,24.1,526,1.9,5,10,Partially cloudy,partly-cloudy-day,
"Würzburg, Bayern, Deutschland",2024-07-17T12:00:00,20.2,20.2,12.4,60.71,0,22.6,,0,0,17.2,12.4,252.4,1021.7,32.2,24.1,619.7,2.2,6,10,Partially cloudy,partly-cloudy-day,
"Würzburg, Bayern, Deutschland",2024-07-17T13:00:00,21,21,12.3,57.29,0,22.6,,0,0,15.2,10.7,248.4,1021.3,28.1,24.1,713.3,2.6,7,10,Partially cloudy,partly-cloudy-day,
"Würzburg, Bayern, Deutschland",2024-07-17T14:00:00,21.9,21.9,12.2,54.08,0,22.6,,0,0,13.3,9,244.3,1021,23.9,24.1,807,2.9,8,10,Partially cloudy,partly-cloudy-day,
"Würzburg, Bayern, Deutschland",2024-07-17T15:00:00,22.2,22.2,12.3,53.45,0,25.8,,0,0,12,8.4,232.9,1020.7,17.7,24.1,790.3,2.8,8,10,Clear,clear-day,
"Würzburg, Bayern, Deutschland",2024-07-17T16:00:00,22.4,22.4,12.4,52.83,0,25.8,,0,0,10.7,7.8,221.6,1020.3,11.4,24.1,773.7,2.8,8,10,Clear,clear-day,
"Würzburg, Bayern, Deutschland",2024-07-17T17:00:00,22.8,22.8,12.5,52.22,0,25.8,,0,0,9.4,7.2,210.2,1020,5.2,24.1,757,2.7,8,10,Clear,clear-day,
"Würzburg, Bayern, Deutschland",2024-07-17T18:00:00,21.9,21.9,13.2,57.87,0,25.8,,0,0,9,7.6,199.3,1020,36.8,24.1,619.3,2.2,6,10,Partially cloudy,partly-cloudy-day,
"Würzburg, Bayern, Deutschland",2024-07-17T19:00:00,20.9,20.9,13.9,64.14,0,25.8,,0,0,8.6,7.9,188.5,1020,68.4,24.1,481.7,1.7,5,10,Partially cloudy,partly-cloudy-day,
"Würzburg, Bayern, Deutschland",2024-07-17T20:00:00,20.1,20.1,14.7,71.09,0,25.8,,0,0,8.3,8.3,177.6,1020,100,24.1,344,1.2,3,10,Overcast,cloudy,
"Würzburg, Bayern, Deutschland",2024-07-17T21:00:00,18.9,18.9,13.6,71.64,0,19.4,,0,0,7.1,7.1,174.6,1020.3,100,24.1,229.3,0.8,2,10,Overcast,cloudy,
"Würzburg, Bayern, Deutschland",2024-07-17T22:00:00,17.7,17.7,12.6,72.2,0,19.4,,0,0,5.9,5.9,171.7,1020.7,100,24.1,114.7,0.4,0,10,Overcast,cloudy,
"Würzburg, Bayern, Deutschland",2024-07-17T23:00:00,16.5,16.5,11.6,72.78,0,19.4,,0,0,4.7,4.7,168.7,1021,100,24.1,0,0,0,10,Overcast,cloudy,
"Würzburg, Bayern, Deutschland",2024-07-18T00:00:00,16.2,16.2,11.4,73.21,0,19.4,,0,0,4.4,4.4,154.4,1020.7,100,24.1,0,0,0,10,Overcast,cloudy,
"Würzburg, Bayern, Deutschland",2024-07-18T01:00:00,15.9,15.9,11.2,73.64,0,19.4,,0,0,4.2,4.2,140.1,1020.3,100,24.1,0,0,0,10,Overcast,cloudy,
"Würzburg, Bayern, Deutschland",2024-07-18T02:00:00,15.6,15.6,11,74.08,0,19.4,,0,0,4,4,125.8,1020,100,24.1,0,0,0,10,Overcast,cloudy,
"Würzburg, Bayern, Deutschland",2024-07-18T03:00:00,15.2,15.2,10.9,75.68,0,9.7,,0,0,4.1,4.1,118.3,1020,68.3,24.1,0,0,0,10,Partially cloudy,partly-cloudy-night,
"Würzburg, Bayern, Deutschland",2024-07-18T04:00:00,14.8,14.8,10.9,77.31,0,9.7,,0,0,4.2,4.2,110.8,1020,36.7,24.1,0,0,0,10,Partially cloudy,partly-cloudy-night,
"Würzburg, Bayern, Deutschland",2024-07-18T05:00:00,14.5,14.5,10.9,78.99,0,9.7,,0,0,4.3,4.3,103.3,1020,5,24.1,0,0,0,10,Clear,clear-night,
"Würzburg, Bayern, Deutschland",2024-07-18T06:00:00,15.5,15.5,11.6,77.76,0,9.7,,0,0,5.8,4.6,110.7,1020,4.1,24.1,31.7,0.2,0,10,Clear,clear-day,
"Würzburg, Bayern, Deutschland",2024-07-18T07:00:00,16.5,16.5,12.4,76.56,0,9.7,,0,0,7.2,4.8,118.1,1020,3.1,24.1,63.3,0.3,1,10,Clear,clear-day,
"Würzburg, Bayern, Deutschland",2024-07-18T08:00:00,17.6,17.6,13.2,75.4,0,9.7,,0,0,8.6,5,125.5,1020,2.2,24.1,95,0.3,1,10,Clear,clear-day,
"Würzburg, Bayern, Deutschland",2024-07-18T09:00:00,19.3,19.3,14.3,73.12,0,12.9,,0,0,9.7,6.1,147.2,1019.3,2.4,24.1,237.3,0.8,2,10,Clear,clear-day,
"Würzburg, Bayern, Deutschland",2024-07-18T10:00:00,21,21,15.5,70.96,0,12.9,,0,0,10.8,7.2,168.8,1018.7,2.6,24.1,379.7,1.4,4,10,Clear,clear-day,
"Würzburg, Bayern, Deutschland",2024-07-18T11:00:00,22.7,22.7,16.7,68.9,0,12.9,,0,0,11.9,8.3,190.5,1018,2.8,24.1,522,1.9,5,10,Clear,clear-day,
"Würzburg, Bayern, Deutschland",2024-07-18T12:00:00,23.7,23.7,17,65.84,0,12.9,,0,0,13.8,9.8,201,1017.7,3.5,24.1,622.3,2.3,6,10,Clear,clear-day,
"Würzburg, Bayern, Deutschland",2024-07-18T13:00:00,24.8,24.8,17.3,62.95,0,12.9,,0,0,15.7,11.4,211.5,1017.3,4.3,24.1,722.7,2.6,7,10,Clear,clear-day,
"Würzburg, Bayern, Deutschland",2024-07-18T14:00:00,25.9,25.9,17.6,60.21,0,12.9,,0,0,17.6,13,222,1017,5,24.1,823,3,8,10,Clear,clear-day,
"Würzburg, Bayern, Deutschland",2024-07-18T15:00:00,26,26,17.4,59.35,0,9.7,,0,0,19.2,14,224.8,1016.7,3.3,24.1,798.3,2.9,8,10,Clear,clear-day,
"Würzburg, Bayern, Deutschland",2024-07-18T16:00:00,26.1,26.1,17.3,58.5,0,9.7,,0,0,20.8,15.1,227.5,1016.3,1.7,24.1,773.7,2.8,8,10,Clear,clear-day,
"Würzburg, Bayern, Deutschland",2024-07-18T17:00:00,26.2,26.2,17.2,57.67,0,9.7,,0,0,22.3,16.2,230.3,1016,0,24.1,749,2.7,7,10,Clear,clear-day,
"Würzburg, Bayern, Deutschland",2024-07-18T18:00:00,25,25,17.4,62.72,0,9.7,,0,0,23,14.6,225,1016,2.1,24.1,616.7,2.2,6,10,Clear,clear-day,
"Würzburg, Bayern, Deutschland",2024-07-18T19:00:00,23.8,23.8,17.6,68.26,0,9.7,,0,0,23.8,13.1,219.6,1016,4.3,24.1,484.3,1.8,5,10,Clear,clear-day,
"Würzburg, Bayern, Deutschland",2024-07-18T20:00:00,22.7,22.7,17.9,74.33,0,9.7,,0,0,24.5,11.5,214.3,1016,6.4,24.1,352,1.3,4,10,Clear,clear-day,
"Würzburg, Bayern, Deutschland",2024-07-18T21:00:00,21.9,21.9,17.4,75.47,0,6.5,,0,0,28.7,11.9,229.2,1016.3,24.9,24.1,234.7,0.9,2,10,Partially cloudy,partly-cloudy-day,
"Würzburg, Bayern, Deutschland",2024-07-18T22:00:00,21.1,21.1,16.9,76.63,0,6.5,,0,0,32.9,12.2,244.2,1016.7,43.4,24.1,117.3,0.4,0,10,Partially cloudy,partly-cloudy-night,
"Würzburg, Bayern, Deutschland",2024-07-18T23:00:00,20.4,20.4,16.4,77.82,0,6.5,,0,0,37.1,12.6,259.1,1017,61.9,24.1,0,0,0,10,Partially cloudy,partly-cloudy-night,
"Würzburg, Bayern, Deutschland",2024-07-19T00:00:00,19.6,19.6,16.2,80.74,0,6.5,,0,0,37.3,14.2,259.3,1017.3,61.2,24.1,0,0,0,10,Partially cloudy,partly-cloudy-night,
"Würzburg, Bayern, Deutschland",2024-07-19T01:00:00,18.8,18.8,16,83.79,0,6.5,,0,0,37.6,15.7,259.6,1017.7,60.5,24.1,0,0,0,10,Partially cloudy,partly-cloudy-night,
"Würzburg, Bayern, Deutschland",2024-07-19T02:00:00,18.1,18.1,15.9,86.99,0,6.5,,0,0,37.8,17.3,259.8,1018,59.8,24.1,0,0,0,10,Partially cloudy,partly-cloudy-night,
"Würzburg, Bayern, Deutschland",2024-07-19T03:00:00,16.9,16.9,15.2,89.72,0,0,,0,0,35.5,15.6,259.3,1018.3,73.2,24.1,0,0,0,10,Partially cloudy,partly-cloudy-night,
"Würzburg, Bayern, Deutschland",2024-07-19T04:00:00,15.7,15.7,14.4,92.57,0,0,,0,0,33.2,13.9,258.8,1018.7,86.6,24.1,0,0,0,10,Partially cloudy,partly-cloudy-night,
"Würzburg, Bayern, Deutschland",2024-07-19T05:00:00,14.5,14.5,13.8,95.57,0,0,,0,0,31,12.2,258.3,1019,100,24.1,0,0,0,10,Overcast,cloudy,
"Würzburg, Bayern, Deutschland",2024-07-19T06:00:00,15.1,15.1,13.6,91.15,0,0,,0,0,28.9,13.1,259.6,1019,100,24.1,29.3,0.2,0,10,Overcast,cloudy,
"Würzburg, Bayern, Deutschland",2024-07-19T07:00:00,15.7,15.7,13.5,86.95,0,0,,0,0,26.9,13.9,261,1019,100,24.1,58.7,0.3,1,10,Overcast,cloudy,
"Würzburg, Bayern, Deutschland",2024-07-19T08:00:00,16.3,16.3,13.4,82.96,0,0,,0,0,24.8,14.8,262.3,1019,100,24.1,88,0.3,1,10,Overcast,cloudy,
"Würzburg, Bayern, Deutschland",2024-07-19T09:00:00,17.2,17.2,12.9,76,0,6.5,,0,0,27,17.6,262.9,1019,95.9,24.1,217.7,0.8,2,10,Overcast,cloudy,
"Würzburg, Bayern, Deutschland",2024-07-19T10:00:00,18.1,18.1,12.5,69.66,0,6.5,,0,0,29.2,20.5,263.6,1019,91.8,24.1,347.3,1.2,3,10,Overcast,cloudy,
"Würzburg, Bayern, Deutschland",2024-07-19T11:00:00,19.1,19.1,12.1,63.86,0.1,6.5,rain,0,0,31.3,23.4,264.2,1019,87.7,24.1,477,1.7,5,10,Partially cloudy,partly-cloudy-day,
"Würzburg, Bayern, Deutschland",2024-07-19T12:00:00,19.6,19.6,11.4,58.99,0,6.5,,0,0,31.7,23.2,262.8,1018.7,67.7,24.1,558.7,2,6,10,Partially cloudy,partly-cloudy-day,
"Würzburg, Bayern, Deutschland",2024-07-19T13:00:00,20.2,20.2,10.7,54.49,0,6.5,,0,0,32,22.9,261.5,1018.3,47.6,24.1,640.3,2.3,6,10,Partially cloudy,partly-cloudy-day,
"Würzburg, Bayern, Deutschland",2024-07-19T14:00:00,20.8,20.8,10.1,50.33,0.1,6.5,rain,0,0,32.4,22.7,260.1,1018,27.6,24.1,722,2.6,7,10,Partially cloudy,partly-cloudy-day,
"Würzburg, Bayern, Deutschland",2024-07-19T15:00:00,20.8,20.8,10.3,51.12,0,9.7,,0,0,32.2,22.2,261.2,1018,31.3,24.1,735,2.6,7,10,Partially cloudy,partly-cloudy-day,
"Würzburg, Bayern, Deutschland",2024-07-19T16:00:00,20.8,20.8,10.5,51.92,0,9.7,,0,0,31.9,21.7,262.4,1018,35.1,24.1,748,2.7,7,10,Partially cloudy,partly-cloudy-day,
"Würzburg, Bayern, Deutschland",2024-07-19T17:00:00,20.8,20.8,10.8,52.74,0,9.7,,0,0,31.7,21.2,263.5,1018,38.8,24.1,761,2.7,8,10,Partially cloudy,partly-cloudy-day,
"Würzburg, Bayern, Deutschland",2024-07-19T18:00:00,19.6,19.6,10.8,56.93,0,9.7,,0,0,32,19.2,265.3,1018,49.2,24.1,615.7,2.2,6,10,Partially cloudy,partly-cloudy-day,
"Würzburg, Bayern, Deutschland",2024-07-19T19:00:00,18.4,18.4,10.8,61.49,0,9.7,,0,0,32.4,17.2,267.1,1018,59.7,24.1,470.3,1.7,5,10,Partially cloudy,partly-cloudy-day,
"Würzburg, Bayern, Deutschland",2024-07-19T20:00:00,17.2,17.2,10.9,66.46,0,9.7,,0,0,32.8,15.1,268.9,1018,70.1,24.1,325,1.2,3,10,Partially cloudy,partly-cloudy-day,
"Würzburg, Bayern, Deutschland",2024-07-19T21:00:00,15.8,15.8,10.1,68.88,0,3.2,,0,0,32.2,14.4,260.3,1018.7,77.9,24.1,216.7,0.8,2,10,Partially cloudy,partly-cloudy-day,
"Würzburg, Bayern, Deutschland",2024-07-19T22:00:00,14.4,14.4,9.3,71.43,0,3.2,,0,0,31.6,13.7,251.8,1019.3,85.6,24.1,108.3,0.4,0,10,Partially cloudy,partly-cloudy-night,
"Würzburg, Bayern, Deutschland",2024-07-19T23:00:00,13,13,8.5,74.13,0,3.2,,0,0,31,13,243.2,1020,93.4,24.1,0,0,0,10,Overcast,cloudy,
"Würzburg, Bayern, Deutschland",2024-07-20T00:00:00,12.4,12.4,8.4,76.75,0,3.2,,0,0,29.9,12.6,244.1,1020,62.3,24.1,0,0,0,10,Partially cloudy,partly-cloudy-night,
"Würzburg, Bayern, Deutschland",2024-07-20T01:00:00,11.8,11.8,8.3,79.48,0,3.2,,0,0,28.8,12.2,245.1,1020,31.1,24.1,0,0,0,10,Partially cloudy,partly-cloudy-night,
"Würzburg, Bayern, Deutschland",2024-07-20T02:00:00,11.2,11.2,8.3,82.33,0,3.2,,0,0,27.7,11.9,246,1020,0,24.1,0,0,0,10,Clear,clear-night,
"Würzburg, Bayern, Deutschland",2024-07-20T03:00:00,10.7,10.7,8.2,84.35,0,6.5,,0,0,24.2,11.3,242.8,1020,1.7,24.1,0,0,0,10,Clear,clear-night,
"Würzburg, Bayern, Deutschland",2024-07-20T04:00:00,10.3,10.3,8.1,86.43,0,6.5,,0,0,20.8,10.7,239.5,1020,3.3,24.1,0,0,0,10,Clear,clear-night,
"Würzburg, Bayern, Deutschland",2024-07-20T05:00:00,9.9,8.5,8.1,88.57,0,6.5,,0,0,17.3,10.1,236.3,1020,5,24.1,0,0,0,10,Clear,clear-night,
"Würzburg, Bayern, Deutschland",2024-07-20T06:00:00,10.9,10.9,8.6,85.9,0,6.5,,0,0,19.4,11,238.2,1020,18.2,24.1,30,0.2,0,10,Clear,clear-day,
"Würzburg, Bayern, Deutschland",2024-07-20T07:00:00,11.9,11.9,9.2,83.35,0,6.5,,0,0,21.6,12,240,1020,31.4,24.1,60,0.3,1,10,Partially cloudy,partly-cloudy-day,
"Würzburg, Bayern, Deutschland",2024-07-20T08:00:00,13,13,9.8,80.91,0,6.5,,0,0,23.8,13,241.9,1020,44.6,24.1,90,0.3,1,10,Partially cloudy,partly-cloudy-day,
"Würzburg, Bayern, Deutschland",2024-07-20T09:00:00,14.4,14.4,9.8,73.72,0,16.1,,0,0,23.2,14,242.4,1019.7,45.6,24.1,237.7,0.8,2,10,Partially cloudy,partly-cloudy-day,
"Würzburg, Bayern, Deutschland",2024-07-20T10:00:00,15.9,15.9,9.8,67.24,0,16.1,,0,0,22.6,15.1,243,1019.3,46.6,24.1,385.3,1.4,4,10,Partially cloudy,partly-cloudy-day,
"Würzburg, Bayern, Deutschland",2024-07-20T11:00:00,17.4,17.4,9.9,61.39,0,16.1,,0,0,22,16.2,243.5,1019,47.6,24.1,533,1.9,5,10,Partially cloudy,partly-cloudy-day,
"Würzburg, Bayern, Deutschland",2024-07-20T12:00:00,18.1,18.1,9.9,58.88,0,16.1,,0,0,22.3,17,238.2,1018.3,65.1,24.1,612.3,2.2,6,10,Partially cloudy,partly-cloudy-day,
"Würzburg, Bayern, Deutschland",2024-07-20T13:00:00,18.8,18.8,10,56.49,0,16.1,,0,0,22.7,17.9,232.9,1017.7,82.5,24.1,691.7,2.5,7,10,Partially cloudy,partly-cloudy-day,
"Würzburg, Bayern, Deutschland",2024-07-20T14:00:00,19.6,19.6,10.1,54.21,0,16.1,,0,0,23,18.7,227.6,1017,100,24.1,771,2.8,8,10,Overcast,cloudy,
"Würzburg, Bayern, Deutschland",2024-07-20T15:00:00,19.9,19.9,10.4,54.65,0,22.6,,0,0,23.6,18.7,225.8,1016.3,99.9,24.1,732.7,2.7,7,10,Overcast,cloudy,
"Würzburg, Bayern, Deutschland",2024-07-20T16:00:00,20.2,20.2,10.9,55.09,0,22.6,,0,0,24.2,18.7,224,1015.7,99.8,24.1,694.3,2.5,7,10,Overcast,cloudy,
"Würzburg, Bayern, Deutschland",2024-07-20T17:00:00,20.5,20.5,11.3,55.53,0,22.6,,0,0,24.8,18.7,222.2,1015,99.7,24.1,656,2.4,7,10,Overcast,cloudy,
"Würzburg, Bayern, Deutschland",2024-07-20T18:00:00,19.5,19.5,11.9,61.35,0,22.6,,0,0,25.8,16.9,220.5,1015,99.8,24.1,516.7,1.9,5,10,Overcast,cloudy,
"Würzburg, Bayern, Deutschland",2024-07-20T19:00:00,18.6,18.6,12.5,67.8,0,22.6,,0,0,26.8,15.1,218.7,1015,99.9,24.1,377.3,1.4,4,10,Overcast,cloudy,
"Würzburg, Bayern, Deutschland",2024-07-20T20:00:00,17.7,17.7,13.2,74.93,0,22.6,,0,0,27.7,13.3,217,1015,100,24.1,238,0.9,2,10,Overcast,cloudy,
"Würzburg, Bayern, Deutschland",2024-07-20T21:00:00,17.3,17.3,12.5,73.73,0,16.1,,0,0,27.5,12.2,219.3,1015,100,24.1,158.7,0.6,2,10,Overcast,cloudy,
"Würzburg, Bayern, Deutschland",2024-07-20T22:00:00,16.9,16.9,11.9,72.53,0,16.1,,0,0,27.2,11.2,221.5,1015,100,24.1,79.3,0.3,0,10,Overcast,cloudy,
"Würzburg, Bayern, Deutschland",2024-07-20T23:00:00,16.5,16.5,11.3,71.35,0,16.1,,0,0,27,10.1,223.8,1015,100,24.1,0,0,0,10,Overcast,cloudy,
"Würzburg, Bayern, Deutschland",2024-07-21T00:00:00,16.5,16.5,11.3,71.36,0,16.1,,0,0,33.6,12.7,221.8,1014.3,99.9,24.1,0,0,0,10,Overcast,cloudy,
"Würzburg, Bayern, Deutschland",2024-07-21T01:00:00,16.6,16.6,11.4,71.38,0,16.1,,0,0,40.2,15.4,219.7,1013.7,99.9,24.1,0,0,0,10,Overcast,cloudy,
"Würzburg, Bayern, Deutschland",2024-07-21T02:00:00,16.7,16.7,11.5,71.39,0,16.1,,0,0,46.8,18,217.7,1013,99.8,24.1,0,0,0,10,Overcast,cloudy,
"Würzburg, Bayern, Deutschland",2024-07-21T03:00:00,16.5,16.5,11.5,72.31,0,12.9,,0,0,47.8,18.8,215.6,1012.7,99.6,23.5,0,0,0,10,Overcast,cloudy,
"Würzburg, Bayern, Deutschland",2024-07-21T04:00:00,16.3,16.3,11.5,73.24,0,12.9,,0,0,48.7,19.7,213.5,1012.3,99.5,23,0,0,0,10,Overcast,cloudy,
"Würzburg, Bayern, Deutschland",2024-07-21T05:00:00,16.2,16.2,11.6,74.18,0,12.9,rain,0,0,49.7,20.5,211.4,1012,99.3,22.4,0,0,0,10,Overcast,cloudy,
"Würzburg, Bayern, Deutschland",2024-07-21T06:00:00,16.2,16.2,11.9,75.67,0,12.9,,0,0,51.1,22,217.4,1012,99.5,23,2.7,0,0,10,Overcast,cloudy,
"Würzburg, Bayern, Deutschland",2024-07-21T07:00:00,16.2,16.2,12.2,77.19,0,12.9,,0,0,52.6,23.4,223.4,1012,99.8,23.5,5.3,0,0,10,Overcast,cloudy,
"Würzburg, Bayern, Deutschland",2024-07-21T08:00:00,16.3,16.3,12.6,78.73,0.2,12.9,rain,0,0,54,24.8,229.4,1012,100,24.1,8,0,0,10,Overcast,cloudy,
"Würzburg, Bayern, Deutschland",2024-07-21T09:00:00,16.3,16.3,12.9,80.3,0,32.3,,0,0,51.7,24.6,231.4,1012,100,24.1,16.3,0,0,10,Overcast,cloudy,
"Würzburg, Bayern, Deutschland",2024-07-21T10:00:00,16.3,16.3,13.2,81.89,0,32.3,,0,0,49.4,24.4,233.3,1012,100,24.1,24.7,0.1,0,10,Overcast,cloudy,
"Würzburg, Bayern, Deutschland",2024-07-21T11:00:00,16.4,16.4,13.6,83.51,0.1,32.3,rain,0,0,47.2,24.1,235.3,1012,100,24.1,33,0.1,0,10,Overcast,cloudy,
"Würzburg, Bayern, Deutschland",2024-07-21T12:00:00,16.8,16.8,13.9,83.02,0,32.3,,0,0,47.8,25.6,234.6,1012,99.4,24.1,68.3,0.2,1,10,Overcast,cloudy,
"Würzburg, Bayern, Deutschland",2024-07-21T13:00:00,17.2,17.2,14.2,82.54,0,32.3,,0,0,48.4,27,233.9,1012,98.8,24.1,103.7,0.4,1,10,Overcast,cloudy,
"Würzburg, Bayern, Deutschland",2024-07-21T14:00:00,17.7,17.7,14.6,82.06,0,32.3,,0,0,49,28.4,233.2,1012,98.2,24.1,139,0.5,1,10,Overcast,cloudy,
"Würzburg, Bayern, Deutschland",2024-07-21T15:00:00,17.8,17.8,14.8,82.25,0,32.3,,0,0,49.1,27.4,232.4,1011.7,98.5,24.1,178,0.6,2,10,Overcast,cloudy,
"Würzburg, Bayern, Deutschland",2024-07-21T16:00:00,18,18,15,82.45,0,32.3,,0,0,49.2,26.3,231.6,1011.3,98.9,24.1,217,0.8,2,10,Overcast,cloudy,
"Würzburg, Bayern, Deutschland",2024-07-21T17:00:00,18.2,18.2,15.2,82.65,0.1,32.3,rain,0,0,49.3,25.2,230.8,1011,99.2,24.1,256,0.9,3,10,Overcast,cloudy,
"Würzburg, Bayern, Deutschland",2024-07-21T18:00:00,18.2,18.2,15.2,82.3,0,32.3,,0,0,46.4,24.1,232.2,1011,80.1,24.1,211,0.7,2,10,Partially cloudy,partly-cloudy-day,
"Würzburg, Bayern, Deutschland",2024-07-21T19:00:00,18.3,18.3,15.2,81.96,0,32.3,,0,0,43.6,23,233.5,1011,61.1,24.1,166,0.6,2,10,Partially cloudy,partly-cloudy-day,
"Würzburg, Bayern, Deutschland",2024-07-21T20:00:00,18.4,18.4,15.2,81.62,0.1,32.3,rain,0,0,40.7,22,234.9,1011,42,24.1,121,0.4,1,10,Partially cloudy,partly-cloudy-day,
"Würzburg, Bayern, Deutschland",2024-07-21T21:00:00,18,18,15.1,83.34,0,19.4,,0,0,42.4,22,234.3,1011.3,56.5,24.1,80.7,0.3,1,10,Partially cloudy,partly-cloudy-day,
"Würzburg, Bayern, Deutschland",2024-07-21T22:00:00,17.6,17.6,15,85.1,0,19.4,,0,0,44,22,233.8,1011.7,70.9,24.1,40.3,0.1,0,10,Partially cloudy,partly-cloudy-night,
"Würzburg, Bayern, Deutschland",2024-07-21T23:00:00,17.2,17.2,15,86.9,0,19.4,,0,0,45.7,22,233.2,1012,85.4,24.1,0,0,0,10,Partially cloudy,partly-cloudy-night,
"Würzburg, Bayern, Deutschland",2024-07-22T00:00:00,16.7,16.7,14.9,88.94,0,19.4,,0,0,45,21,232.8,1012,58,24.1,0,0,0,10,Partially cloudy,partly-cloudy-night,
"Würzburg, Bayern, Deutschland",2024-07-22T01:00:00,16.2,16.2,14.8,91.03,0,19.4,,0,0,44.3,20,232.4,1012,30.6,24.1,0,0,0,10,Partially cloudy,partly-cloudy-night,
"Würzburg, Bayern, Deutschland",2024-07-22T02:00:00,15.8,15.8,14.7,93.18,0,19.4,,0,0,43.6,19.1,232,1012,3.2,24.1,0,0,0,10,Clear,clear-night,
"Würzburg, Bayern, Deutschland",2024-07-22T03:00:00,15.3,15.3,14.3,93.96,0,19.4,,0,0,40.6,17,225.1,1012,3.8,24.1,0,0,0,10,Clear,clear-night,
"Würzburg, Bayern, Deutschland",2024-07-22T04:00:00,14.8,14.8,13.9,94.75,0,19.4,,0,0,37.6,15,218.2,1012,4.4,24.1,0,0,0,10,Clear,clear-night,
"Würzburg, Bayern, Deutschland",2024-07-22T05:00:00,14.3,14.3,13.6,95.56,0,19.4,,0,0,34.6,13,211.3,1012,5,24.1,0,0,0,10,Clear,clear-night,
"Würzburg, Bayern, Deutschland",2024-07-22T06:00:00,15.2,15.2,14.1,93.15,0,19.4,,0,0,34.3,14.6,218.7,1012.3,15.4,24.1,27,0.2,0,10,Clear,clear-day,
"Würzburg, Bayern, Deutschland",2024-07-22T07:00:00,16.1,16.1,14.6,90.83,0,19.4,,0,0,34.1,16.3,226.1,1012.7,25.9,24.1,54,0.3,1,10,Partially cloudy,partly-cloudy-day,
"Würzburg, Bayern, Deutschland",2024-07-22T08:00:00,17.1,17.1,15.2,88.59,0.2,19.4,rain,0,0,33.8,18,233.5,1013,36.3,24.1,81,0.3,1,10,Partially cloudy,partly-cloudy-day,
"Würzburg, Bayern, Deutschland",2024-07-22T09:00:00,18.2,18.2,15.1,82.3,0,29,,0,0,31.1,18.1,238.6,1013,38.9,24.1,203,0.7,2,10,Partially cloudy,partly-cloudy-day,
"Würzburg, Bayern, Deutschland",2024-07-22T10:00:00,19.3,19.3,15.1,76.51,0,29,,0,0,28.3,18.2,243.6,1013,41.4,24.1,325,1.2,3,10,Partially cloudy,partly-cloudy-day,
"Würzburg, Bayern, Deutschland",2024-07-22T11:00:00,20.5,20.5,15.1,71.17,0.1,29,rain,0,0,25.6,18.4,248.7,1013,44,24.1,447,1.6,4,10,Partially cloudy,partly-cloudy-day,
"Würzburg, Bayern, Deutschland",2024-07-22T12:00:00,21,21,15,68.71,0,29,,0,0,24.6,17.5,244.9,1013,62.7,24.1,477,1.7,5,10,Partially cloudy,partly-cloudy-day,
"Würzburg, Bayern, Deutschland",2024-07-22T13:00:00,21.5,21.5,14.9,66.35,0,29,,0,0,23.6,16.7,241,1013,81.3,24.1,507,1.8,5,10,Partially cloudy,partly-cloudy-day,
"Würzburg, Bayern, Deutschland",2024-07-22T14:00:00,22,22,14.9,64.08,0.1,29,rain,0,0,22.7,15.8,237.2,1013,100,24.1,537,1.9,5,10,Overcast,cloudy,
"Würzburg, Bayern, Deutschland",2024-07-22T15:00:00,22.2,22.2,14.9,63.58,0,29,,0,0,20.3,14.2,248.2,1012.7,84.6,24.1,474.7,1.7,5,10,Partially cloudy,partly-cloudy-day,
"Würzburg, Bayern, Deutschland",2024-07-22T16:00:00,22.4,22.4,15,63.08,0,29,,0,0,17.9,12.5,259.1,1012.3,69.2,24.1,412.3,1.5,4,10,Partially cloudy,partly-cloudy-day,
"Würzburg, Bayern, Deutschland",2024-07-22T17:00:00,22.6,22.6,15.1,62.58,0,29,,0,0,15.5,10.8,270.1,1012,53.8,24.1,350,1.3,4,10,Partially cloudy,partly-cloudy-day,
"Würzburg, Bayern, Deutschland",2024-07-22T18:00:00,21.9,21.9,15.8,68.03,0,29,,0,0,14,9.7,280.2,1012,61.1,24.1,319.3,1.2,3,10,Partially cloudy,partly-cloudy-day,
"Würzburg, Bayern, Deutschland",2024-07-22T19:00:00,21.3,21.3,16.5,73.94,0,29,,0,0,12.6,8.6,290.2,1012,68.3,24.1,288.7,1,3,10,Partially cloudy,partly-cloudy-day,
"Würzburg, Bayern, Deutschland",2024-07-22T20:00:00,20.7,20.7,17.2,80.37,0.3,29,rain,0,0,11.2,7.6,300.3,1012,75.6,24.1,258,0.9,3,10,Partially cloudy,partly-cloudy-day,
"Würzburg, Bayern, Deutschland",2024-07-22T21:00:00,19.8,19.8,16.7,82.32,0,12.9,,0,0,14.5,9.2,292.6,1012.3,83.7,23.3,172,0.6,2,10,Partially cloudy,partly-cloudy-day,
"Würzburg, Bayern, Deutschland",2024-07-22T22:00:00,18.9,18.9,16.2,84.34,0,12.9,,0,0,17.9,10.9,284.8,1012.7,91.9,22.4,86,0.3,0,10,Overcast,cloudy,
"Würzburg, Bayern, Deutschland",2024-07-22T23:00:00,18.1,18.1,15.8,86.43,0.1,12.9,rain,0,0,21.2,12.6,277.1,1013,100,21.6,0,0,0,10,Overcast,cloudy,
"Würzburg, Bayern, Deutschland",2024-07-23T00:00:00,17.1,17.1,15.4,89.92,0,12.9,,0,0,18.4,10,285.2,1013.7,90.9,22.4,0,0,0,10,Overcast,cloudy,
"Würzburg, Bayern, Deutschland",2024-07-23T01:00:00,16.1,16.1,15,93.59,0,12.9,,0,0,15.5,7.3,293.3,1014.3,81.7,23.3,0,0,0,10,Partially cloudy,partly-cloudy-night,
"Würzburg, Bayern, Deutschland",2024-07-23T02:00:00,15.1,15.1,14.7,97.46,3.1,12.9,rain,0,0,12.6,4.7,301.4,1015,72.6,24.1,0,0,0,10,Partially cloudy,partly-cloudy-night,
"Würzburg, Bayern, Deutschland",2024-07-23T03:00:00,15,15,14.5,96.62,0,3.2,,0,0,11.3,4.9,290,1015,81.6,24.1,0,0,0,10,Partially cloudy,partly-cloudy-night,
"Würzburg, Bayern, Deutschland",2024-07-23T04:00:00,14.9,14.9,14.3,95.79,0,3.2,,0,0,10,5.2,278.5,1015,90.7,24.1,0,0,0,10,Overcast,cloudy,
"Würzburg, Bayern, Deutschland",2024-07-23T05:00:00,14.9,14.9,14.1,94.96,0.1,3.2,rain,0,0,8.6,5.4,267.1,1015,99.7,24.1,0,0,0,10,Overcast,cloudy,
"Würzburg, Bayern, Deutschland",2024-07-23T06:00:00,15.2,15.2,14,92.55,0,3.2,,0,0,8.2,5.3,272.6,1015.7,75.9,24.1,28,0.2,0,10,Partially cloudy,partly-cloudy-day,
"Würzburg, Bayern, Deutschland",2024-07-23T07:00:00,15.6,15.6,14,90.2,0,3.2,,0,0,7.7,5.2,278.2,1016.3,52,24.1,56,0.3,1,10,Partially cloudy,partly-cloudy-day,
"Würzburg, Bayern, Deutschland",2024-07-23T08:00:00,16,16,14,87.92,0,3.2,,0,0,7.2,5,283.7,1017,28.2,24.1,84,0.3,1,10,Partially cloudy,partly-cloudy-day,
"Würzburg, Bayern, Deutschland",2024-07-23T09:00:00,17,17,14,82.33,0,25.8,,0,0,7.3,5.5,285.3,1017,42.1,24.1,204,0.7,2,10,Partially cloudy,partly-cloudy-day,
"Würzburg, Bayern, Deutschland",2024-07-23T10:00:00,18,18,14,77.13,0,25.8,,0,0,7.4,6,287,1017,56,24.1,324,1.2,3,10,Partially cloudy,partly-cloudy-day,
"Würzburg, Bayern, Deutschland",2024-07-23T11:00:00,19.1,19.1,14,72.3,0,25.8,rain,0,0,7.6,6.5,288.6,1017,69.9,24.1,444,1.6,4,10,Partially cloudy,partly-cloudy-day,
"Würzburg, Bayern, Deutschland",2024-07-23T12:00:00,19.7,19.7,14,69.36,0,25.8,,0,0,7.3,6,288.6,1016.7,79.9,24.1,485.7,1.7,5,10,Partially cloudy,partly-cloudy-day,
"Würzburg, Bayern, Deutschland",2024-07-23T13:00:00,20.4,20.4,14,66.56,0,25.8,,0,0,7.1,5.5,288.5,1016.3,90,24.1,527.3,1.9,5,10,Partially cloudy,partly-cloudy-day,
"Würzburg, Bayern, Deutschland",2024-07-23T14:00:00,21.1,21.1,14,63.88,0.3,25.8,rain,0,0,6.8,5,288.5,1016,100,24.1,569,2,6,10,Overcast,cloudy,
"Würzburg, Bayern, Deutschland",2024-07-23T15:00:00,20.9,20.9,14.2,65.39,0,19.4,,0,0,6.5,4.6,297.1,1015.7,91,23.8,448.7,1.6,4,10,Overcast,cloudy,
"Würzburg, Bayern, Deutschland",2024-07-23T16:00:00,20.8,20.8,14.4,66.93,0,19.4,,0,0,6.1,4.1,305.7,1015.3,82,23.4,328.3,1.1,3,10,Partially cloudy,partly-cloudy-day,
"Würzburg, Bayern, Deutschland",2024-07-23T17:00:00,20.7,20.7,14.7,68.51,0.4,19.4,rain,0,0,5.8,3.6,314.3,1015,73,23.1,208,0.7,2,10,Partially cloudy,partly-cloudy-day,
"Würzburg, Bayern, Deutschland",2024-07-23T18:00:00,20.4,20.4,15.1,71.61,0,19.4,,0,0,5.5,4.2,329.1,1015.3,48.7,20.5,244.3,0.8,2,10,Partially cloudy,partly-cloudy-day,
"Würzburg, Bayern, Deutschland",2024-07-23T19:00:00,20.1,20.1,15.5,74.85,0,19.4,,0,0,5.3,4.8,344,1015.7,24.3,17.8,280.7,1,3,10,Partially cloudy,partly-cloudy-day,
"Würzburg, Bayern, Deutschland",2024-07-23T20:00:00,19.8,19.8,15.9,78.23,0.2,19.4,rain,0,0,5,5.4,358.8,1016,0,15.2,317,1.1,3,10,Clear,clear-day,
"Würzburg, Bayern, Deutschland",2024-07-23T21:00:00,18.4,18.4,15.1,81.27,0,6.5,,0,0,3.8,4,278.8,1016.3,0.2,18.2,211.3,0.7,2,10,Clear,clear-day,
"Würzburg, Bayern, Deutschland",2024-07-23T22:00:00,16.9,16.9,14.3,84.49,0,6.5,,0,0,2.6,2.5,198.8,1016.7,0.3,21.1,105.7,0.4,0,10,Clear,clear-night,
"Würzburg, Bayern, Deutschland",2024-07-23T23:00:00,15.6,15.6,13.6,87.89,0.1,6.5,rain,0,0,1.4,1.1,118.8,1017,0.5,24.1,0,0,0,10,Clear,clear-night,
"Würzburg, Bayern, Deutschland",2024-07-24T00:00:00,15.3,15.3,13.4,88.44,0,6.5,,0,0,2.2,1.9,164.1,1017,6.7,23,0,0,0,10,Clear,clear-night,
"Würzburg, Bayern, Deutschland",2024-07-24T01:00:00,15,15,13.2,88.99,0,6.5,,0,0,2.9,2.8,209.5,1017,13,21.8,0,0,0,10,Clear,clear-night,
"Würzburg, Bayern, Deutschland",2024-07-24T02:00:00,14.7,14.7,13,89.55,0,6.5,,0,0,3.6,3.6,254.8,1017,19.2,20.7,0,0,0,10,Clear,clear-night,
"Würzburg, Bayern, Deutschland",2024-07-24T03:00:00,14.4,14.4,12.6,89.33,0,9.7,,0,0,3.8,4,253.7,1017,13.9,21.8,0,0,0,10,Clear,clear-night,
"Würzburg, Bayern, Deutschland",2024-07-24T04:00:00,14.1,14.1,12.3,89.11,0,9.7,,0,0,4.1,4.3,252.6,1017,8.6,23,0,0,0,10,Clear,clear-night,
"Würzburg, Bayern, Deutschland",2024-07-24T05:00:00,13.8,13.8,12,88.89,0,9.7,,0,0,4.3,4.7,251.5,1017,3.3,24.1,0,0,0,10,Clear,clear-night,
"Würzburg, Bayern, Deutschland",2024-07-24T06:00:00,14.6,14.6,12.3,86.09,0,9.7,,0,0,6,5,259,1017.3,8.5,24.1,28,0.2,0,10,Clear,clear-day,
"Würzburg, Bayern, Deutschland",2024-07-24T07:00:00,15.4,15.4,12.6,83.4,0,9.7,,0,0,7.7,5.4,266.5,1017.7,13.7,24.1,56,0.3,1,10,Clear,clear-day,
"Würzburg, Bayern, Deutschland",2024-07-24T08:00:00,16.3,16.3,13,80.82,0,9.7,,0,0,9.4,5.8,274,1018,18.9,24.1,84,0.3,1,10,Clear,clear-day,
"Würzburg, Bayern, Deutschland",2024-07-24T09:00:00,17.6,17.6,13.2,75.73,0,19.4,,0,0,9.6,6.7,281.3,1018,16.2,23.9,219.3,0.8,2,10,Clear,clear-day,
"Würzburg, Bayern, Deutschland",2024-07-24T10:00:00,18.9,18.9,13.5,71.02,0,19.4,,0,0,9.8,7.7,288.6,1018,13.4,23.7,354.7,1.3,4,10,Clear,clear-day,
"Würzburg, Bayern, Deutschland",2024-07-24T11:00:00,20.2,20.2,13.8,66.66,0.2,19.4,rain,0,0,10.1,8.6,295.9,1018,10.7,23.5,490,1.8,5,10,Clear,clear-day,
"Würzburg, Bayern, Deutschland",2024-07-24T12:00:00,20.7,20.7,13.7,64.35,0,19.4,,0,0,10.9,8.6,291.1,1018,18.7,23.7,565.3,2.1,6,10,Clear,clear-day,
"Würzburg, Bayern, Deutschland",2024-07-24T13:00:00,21.2,21.2,13.6,62.13,0,19.4,,0,0,11.8,8.6,286.4,1018,26.6,23.9,640.7,2.3,6,10,Partially cloudy,partly-cloudy-day,
"Würzburg, Bayern, Deutschland",2024-07-24T14:00:00,21.7,21.7,13.6,60,0.8,19.4,rain,0,0,12.6,8.6,281.6,1018,34.6,24.1,716,2.6,7,10,Partially cloudy,partly-cloudy-day,
"Würzburg, Bayern, Deutschland",2024-07-24T15:00:00,21.5,21.5,13.9,62.33,0,22.6,,0,0,15.4,10.1,280.7,1018,43.4,24,646.3,2.3,6,10,Partially cloudy,partly-cloudy-day,
"Würzburg, Bayern, Deutschland",2024-07-24T16:00:00,21.3,21.3,14.4,64.76,0,22.6,,0,0,18.1,11.5,279.7,1018,52.2,23.9,576.7,2.1,6,10,Partially cloudy,partly-cloudy-day,
"Würzburg, Bayern, Deutschland",2024-07-24T17:00:00,21.1,21.1,14.8,67.27,0.3,22.6,rain,0,0,20.9,13,278.8,1018,61,23.8,507,1.8,5,10,Partially cloudy,partly-cloudy-day,
"Würzburg, Bayern, Deutschland",2024-07-24T18:00:00,20.4,20.4,14.8,70.25,0,22.6,,0,0,19.9,12.1,276,1018,74,23.9,424,1.5,4,10,Partially cloudy,partly-cloudy-day,
"Würzburg, Bayern, Deutschland",2024-07-24T19:00:00,19.8,19.8,14.9,73.37,0,22.6,,0,0,19,11.3,273.3,1018,87,24,341,1.2,3,10,Partially cloudy,partly-cloudy-day,
"Würzburg, Bayern, Deutschland",2024-07-24T20:00:00,19.2,19.2,15,76.65,0.3,22.6,rain,0,0,18,10.4,270.5,1018,100,24.1,258,0.9,3,10,Overcast,cloudy,
"Würzburg, Bayern, Deutschland",2024-07-24T21:00:00,18,18,14.1,77.8,0,6.5,,0,0,13.7,8.6,265.5,1018.3,97.2,24.1,172,0.6,2,10,Overcast,cloudy,
"Würzburg, Bayern, Deutschland",2024-07-24T22:00:00,16.8,16.8,13.2,78.98,0,6.5,,0,0,9.4,6.8,260.4,1018.7,94.3,24.1,86,0.3,0,10,Overcast,cloudy,
"Würzburg, Bayern, Deutschland",2024-07-24T23:00:00,15.7,15.7,12.3,80.21,0,6.5,,0,0,5,5,255.4,1019,91.5,24.1,0,0,0,10,Overcast,cloudy,
"Würzburg, Bayern, Deutschland",2024-07-25T00:00:00,15.8,15.8,12.2,79.01,0,6.5,,0,0,5.3,5.4,244.2,1019,87.5,24.1,0,0,0,10,Partially cloudy,partly-cloudy-night,
"Würzburg, Bayern, Deutschland",2024-07-25T01:00:00,16,16,12.1,77.83,0,6.5,,0,0,5.5,5.8,233,1019,83.4,24.1,0,0,0,10,Partially cloudy,partly-cloudy-night,
"Würzburg, Bayern, Deutschland",2024-07-25T02:00:00,16.2,16.2,12.1,76.67,0,6.5,,0,0,5.8,6.1,221.8,1019,79.4,24.1,0,0,0,10,Partially cloudy,partly-cloudy-night,
"Würzburg, Bayern, Deutschland",2024-07-25T03:00:00,15.2,15.2,11.9,81.03,0,22.6,,0,0,6.4,6.7,215.4,1019,86.3,24.1,0,0,0,10,Partially cloudy,partly-cloudy-night,
"Würzburg, Bayern, Deutschland",2024-07-25T04:00:00,14.2,14.2,11.9,85.68,0,22.6,,0,0,7,7.3,208.9,1019,93.1,24.1,0,0,0,10,Overcast,cloudy,
"Würzburg, Bayern, Deutschland",2024-07-25T05:00:00,13.3,13.3,11.8,90.63,0,22.6,,0,0,7.6,7.9,202.5,1019,100,24.1,0,0,0,10,Overcast,cloudy,
"Würzburg, Bayern, Deutschland",2024-07-25T06:00:00,14.3,14.3,12.2,87.58,0,22.6,,0,0,11,8.6,209.4,1019,77.3,24.1,25.7,0.2,0,10,Partially cloudy,partly-cloudy-day,
"Würzburg, Bayern, Deutschland",2024-07-25T07:00:00,15.3,15.3,12.7,84.67,0,22.6,,0,0,14.5,9.4,216.2,1019,54.7,24.1,51.3,0.3,1,10,Partially cloudy,partly-cloudy-day,
"Würzburg, Bayern, Deutschland",2024-07-25T08:00:00,16.3,16.3,13.2,81.88,0,22.6,,0,0,18,10.1,223.1,1019,32,24.1,77,0.3,1,10,Partially cloudy,partly-cloudy-day,
"Würzburg, Bayern, Deutschland",2024-07-25T09:00:00,17.7,17.7,13.5,76.25,0,29,,0,0,17.9,11.6,226.6,1019,49.8,24.1,199.3,0.7,2,10,Partially cloudy,partly-cloudy-day,
"Würzburg, Bayern, Deutschland",2024-07-25T10:00:00,19.2,19.2,13.8,71.08,0,29,,0,0,17.8,13.2,230.2,1019,67.7,24.1,321.7,1.2,3,10,Partially cloudy,partly-cloudy-day,
"Würzburg, Bayern, Deutschland",2024-07-25T11:00:00,20.7,20.7,14.2,66.33,0,29,,0,0,17.6,14.8,233.7,1019,85.5,24.1,444,1.6,4,10,Partially cloudy,partly-cloudy-day,
"Würzburg, Bayern, Deutschland",2024-07-25T12:00:00,21.5,21.5,14.2,63.29,0,29,,0,0,18.1,14.4,234,1018.3,83.5,24.1,500,1.8,5,10,Partially cloudy,partly-cloudy-day,
"Würzburg, Bayern, Deutschland",2024-07-25T13:00:00,22.3,22.3,14.3,60.41,0,29,,0,0,18.6,14,234.3,1017.7,81.6,24.1,556,2,6,10,Partially cloudy,partly-cloudy-day,
"Würzburg, Bayern, Deutschland",2024-07-25T14:00:00,23.2,23.2,14.4,57.68,0,29,,0,0,19.1,13.7,234.6,1017,79.6,24.1,612,2.2,6,10,Partially cloudy,partly-cloudy-day,
"Würzburg, Bayern, Deutschland",2024-07-25T15:00:00,22,22,14.6,62.73,0,32.3,,0,0,19.3,13.1,259.2,1017,86.2,24.1,508,1.8,5,10,Partially cloudy,partly-cloudy-day,
"Würzburg, Bayern, Deutschland",2024-07-25T16:00:00,20.9,20.9,14.8,68.26,0,32.3,,0,0,19.6,12.5,283.7,1017,92.8,24.1,404,1.5,4,10,Overcast,cloudy,
"Würzburg, Bayern, Deutschland",2024-07-25T17:00:00,19.8,19.8,15.1,74.32,0,32.3,,0,0,19.8,11.9,308.3,1017,99.4,24.1,300,1.1,3,10,Overcast,cloudy,
"Würzburg, Bayern, Deutschland",2024-07-25T18:00:00,19.4,19.4,15,75.55,0,32.3,,0,0,15.6,10,319.1,1017,99.6,24.1,244.3,0.9,2,10,Overcast,cloudy,
"Würzburg, Bayern, Deutschland",2024-07-25T19:00:00,19.2,19.2,15,76.81,0,32.3,,0,0,11.4,8,329.9,1017,99.8,24.1,188.7,0.7,2,10,Overcast,cloudy,
"Würzburg, Bayern, Deutschland",2024-07-25T20:00:00,18.9,18.9,15,78.09,0,32.3,,0,0,7.2,6.1,340.7,1017,100,24.1,133,0.5,1,10,Overcast,cloudy,
"Würzburg, Bayern, Deutschland",2024-07-25T21:00:00,18.6,18.6,14.9,79.06,0,22.6,,0,0,8.9,6.5,314.2,1017.3,84.4,24.1,88.7,0.3,1,10,Partially cloudy,partly-cloudy-day,
"Würzburg, Bayern, Deutschland",2024-07-25T22:00:00,18.3,18.3,14.8,80.05,0,22.6,,0,0,10.6,6.8,287.8,1017.7,68.8,24.1,44.3,0.2,0,10,Partially cloudy,partly-cloudy-night,
"Würzburg, Bayern, Deutschland",2024-07-25T23:00:00,18,18,14.7,81.04,0.1,22.6,rain,0,0,12.2,7.2,261.3,1018,53.2,24.1,0,0,0,10,Partially cloudy,partly-cloudy-night,
